SEASON,DATE,TEAM,OPPONENT,HOME_TEAM,MP,FGM,FGA,FG%,2PT_FGM,2PT_FGA,2PT_FG%,3PT_FGM,3PT_FGA,3PT_FG%,FTM,FTA,FT%,ORB,DRB,TRB,AST,STL,BLK,TOV,PF,PTS,GMSC,+/-,TS%,EFG%,3PAR,FTR,ORB%,DRB%,TRB%,AST%,STL%,BLK%,TOV%,USG%,ORTG,DRTG,BPM
2019-20,2020-01-08,HAW,ROC,HAW,0.0,0.0,0.0,0.0,0.0,0.0,0.0,0.0,0.0,0.0,0.0,0.0,0.0,0.0,0.0,0.0,0.0,0.0,0.0,0.0,0.0,0.0,0.0,0.0,0.0,0.0,0.0,0.0,0.0,0.0,0.0,0.0,0.0,0.0,0.0,0.0,0.0,0.0,0.0
2019-20,2020-01-10,HAW,WIZ,WIZ,2.0,0.0,0.5,0.0,0.0,0.0,0.0,0.0,0.5,0.0,0.0,0.0,0.0,0.0,0.5,0.5,0.0,0.0,0.0,0.0,0.5,0.0,-0.4,1.0,0.0,0.0,1.0,0.0,0.0,22.2,10.6,0.0,0.0,0.0,0.0,9.3,0.0,115.0,-18.4
2019-20,2020-01-12,HAW,NET,NET,1.333,0.0,0.333,0.0,0.0,0.0,0.0,0.0,0.333,0.0,0.0,0.0,0.0,0.0,0.333,0.333,0.0,0.0,0.0,0.0,0.333,0.0,-0.267,0.667,0.0,0.0,1.0,0.0,0.0,22.2,10.6,0.0,0.0,0.0,0.0,9.3,0.0,115.0,-18.4
2019-20,2020-01-14,HAW,SUN,HAW,4.37,0.0,1.75,0.0,0.0,1.0,0.0,0.0,0.75,0.0,0.0,0.0,0.0,0.0,0.5,0.5,0.75,0.25,0.0,0.0,0.25,0.0,-0.4,2.5,0.0,0.0,0.429,0.0,0.0,16.05,7.15,16.7,1.65,0.0,0.0,14.05,11.5,109.0,-14.95
2019-20,2020-01-30,RAP,CAV,CAV,3.496,0.0,1.4,0.0,0.0,0.8,0.0,0.0,0.6,0.0,0.0,0.0,0.0,0.0,0.4,0.4,0.6,0.2,0.0,0.0,0.2,0.0,-0.32,2.0,0.0,0.0,0.429,0.0,0.0,16.05,7.15,16.7,1.65,0.0,0.0,14.05,11.5,109.0,-14.95
2019-20,2020-01-31,RAP,PIS,PIS,2.913,0.0,1.167,0.0,0.0,0.667,0.0,0.0,0.5,0.0,0.0,0.0,0.0,0.0,0.333,0.333,0.5,0.167,0.0,0.0,0.167,0.0,-0.267,1.667,0.0,0.0,0.429,0.0,0.0,16.05,7.15,16.7,1.65,0.0,0.0,14.05,11.5,109.0,-14.95
2019-20,2020-02-02,RAP,BUL,RAP,2.719,0.0,1.0,0.0,0.0,0.571,0.0,0.0,0.429,0.0,0.0,0.0,0.0,0.0,0.286,0.286,0.429,0.143,0.0,0.0,0.143,0.0,-0.229,0.571,0.0,0.0,0.429,0.0,0.0,10.7,4.767,11.133,1.1,0.0,0.0,9.367,7.667,109.333,-11.7
2019-20,2020-02-05,RAP,PAC,RAP,2.779,0.0,0.875,0.0,0.0,0.5,0.0,0.0,0.375,0.0,0.125,0.25,0.5,0.0,0.375,0.375,0.5,0.125,0.0,0.0,0.125,0.125,0.0,0.875,0.063,0.0,0.429,0.143,0.0,15.375,7.875,16.325,0.825,0.0,0.0,10.05,44.25,107.5,-6.45
2019-20,2020-02-07,RAP,PAC,PAC,2.47,0.0,0.778,0.0,0.0,0.444,0.0,0.0,0.333,0.0,0.111,0.222,0.5,0.0,0.333,0.333,0.444,0.111,0.0,0.0,0.111,0.111,0.0,0.778,0.063,0.0,0.429,0.143,0.0,15.375,7.875,16.325,0.825,0.0,0.0,10.05,44.25,107.5,-6.45
2019-20,2020-02-08,RAP,NET,RAP,2.223,0.0,0.7,0.0,0.0,0.4,0.0,0.0,0.3,0.0,0.1,0.2,0.5,0.0,0.3,0.3,0.4,0.1,0.0,0.0,0.1,0.1,0.0,0.7,0.063,0.0,0.429,0.143,0.0,15.375,7.875,16.325,0.825,0.0,0.0,10.05,44.25,107.5,-6.45
2019-20,2020-02-10,RAP,TIM,RAP,2.021,0.0,0.636,0.0,0.0,0.364,0.0,0.0,0.273,0.0,0.091,0.182,0.5,0.0,0.273,0.273,0.364,0.091,0.0,0.0,0.091,0.091,0.0,0.636,0.063,0.0,0.429,0.143,0.0,15.375,7.875,16.325,0.825,0.0,0.0,10.05,44.25,107.5,-6.45
2019-20,2020-02-23,RAP,PAC,RAP,1.852,0.0,0.583,0.0,0.0,0.333,0.0,0.0,0.25,0.0,0.083,0.167,0.5,0.0,0.25,0.25,0.333,0.083,0.0,0.0,0.083,0.083,0.0,0.583,0.063,0.0,0.429,0.143,0.0,15.375,7.875,16.325,0.825,0.0,0.0,10.05,44.25,107.5,-6.45
2019-20,2020-02-28,RAP,HOR,RAP,1.987,0.0,0.615,0.0,0.0,0.308,0.0,0.0,0.308,0.0,0.077,0.154,0.5,0.0,0.308,0.308,0.385,0.077,0.077,0.0,0.077,0.077,0.077,0.846,0.056,0.0,0.5,0.125,0.0,16.82,9.08,18.74,0.66,4.3,0.0,10.32,49.0,99.4,-3.38
2019-20,2020-08-01,RAP,LAK,RAP,1.845,0.0,0.571,0.0,0.0,0.286,0.0,0.0,0.286,0.0,0.071,0.143,0.5,0.0,0.286,0.286,0.357,0.071,0.071,0.0,0.071,0.071,0.071,0.786,0.056,0.0,0.5,0.125,0.0,16.82,9.08,18.74,0.66,4.3,0.0,10.32,49.0,99.4,-3.38
2019-20,2020-08-03,RAP,HEA,HEA,1.819,0.0,0.533,0.0,0.0,0.267,0.0,0.0,0.267,0.0,0.067,0.133,0.5,0.0,0.267,0.267,0.333,0.067,0.067,0.0,0.067,0.067,0.067,0.667,0.056,0.0,0.5,0.125,0.0,14.017,7.567,15.617,0.55,3.583,0.0,8.6,40.833,99.5,-3.433
2019-20,2020-08-07,RAP,CEL,RAP,1.705,0.0,0.5,0.0,0.0,0.25,0.0,0.0,0.25,0.0,0.062,0.125,0.5,0.0,0.25,0.25,0.312,0.062,0.062,0.0,0.062,0.062,0.062,0.625,0.056,0.0,0.5,0.125,0.0,14.017,7.567,15.617,0.55,3.583,0.0,8.6,40.833,99.5,-3.433
2019-20,2020-08-10,RAP,BUC,BUC,1.95,0.0,0.471,0.0,0.0,0.235,0.0,0.0,0.235,0.0,0.059,0.118,0.5,0.0,0.353,0.353,0.294,0.059,0.059,0.0,0.118,0.059,0.071,1.353,0.056,0.0,0.5,0.125,0.0,16.886,8.829,13.386,0.471,3.071,0.0,7.371,35.0,102.0,-4.186
2019-20,2020-08-12,RAP,76E,76E,3.033,0.056,0.667,0.083,0.056,0.333,0.167,0.0,0.333,0.0,0.167,0.222,0.75,0.111,0.444,0.556,0.278,0.111,0.056,0.056,0.167,0.278,0.244,1.278,0.182,0.083,0.5,0.25,1.038,15.9,8.8,11.712,0.688,2.688,2.125,7.8,42.0,102.5,-4.438
2019-20,2020-08-14,RAP,NUG,RAP,3.144,0.105,0.684,0.154,0.105,0.368,0.286,0.0,0.316,0.0,0.263,0.316,0.833,0.105,0.474,0.579,0.316,0.158,0.053,0.105,0.158,0.474,0.479,1.316,0.288,0.154,0.462,0.385,0.922,16.444,8.922,13.8,1.6,2.389,5.744,9.433,53.222,102.111,-1.933
2019-20,2020-08-17,RAP,NET,RAP,4.36,0.5,1.3,0.385,0.3,0.7,0.429,0.2,0.6,0.333,0.35,0.45,0.778,0.1,0.75,0.85,0.4,0.2,0.05,0.15,0.25,1.55,1.36,1.65,0.517,0.462,0.462,0.269,0.83,17.03,9.17,13.55,1.61,2.15,5.82,10.81,62.4,102.7,-0.85
2019-20,2020-08-19,RAP,NET,RAP,4.152,0.476,1.238,0.385,0.286,0.667,0.429,0.19,0.571,0.333,0.333,0.429,0.778,0.095,0.714,0.81,0.381,0.19,0.048,0.143,0.238,1.476,1.295,1.571,0.517,0.462,0.462,0.269,0.83,17.03,9.17,13.55,1.61,2.15,5.82,10.81,62.4,102.7,-0.85
2019-20,2020-08-21,RAP,NET,NET,3.964,0.455,1.182,0.385,0.273,0.636,0.429,0.182,0.545,0.333,0.318,0.409,0.778,0.091,0.682,0.773,0.364,0.182,0.045,0.136,0.227,1.409,1.236,1.5,0.517,0.462,0.462,0.269,0.83,17.03,9.17,13.55,1.61,2.15,5.82,10.81,62.4,102.7,-0.85
2019-20,2020-08-23,RAP,NET,NET,3.917,0.435,1.174,0.37,0.261,0.652,0.4,0.174,0.522,0.333,0.304,0.391,0.778,0.087,0.652,0.739,0.348,0.174,0.043,0.13,0.217,1.348,1.152,1.174,0.501,0.444,0.444,0.259,0.755,15.482,8.336,12.318,1.464,1.955,5.291,11.2,56.727,102.727,-2.718
2019-20,2020-08-30,RAP,CEL,RAP,3.995,0.458,1.167,0.393,0.292,0.667,0.438,0.167,0.5,0.333,0.292,0.375,0.778,0.083,0.625,0.708,0.375,0.208,0.042,0.125,0.208,1.375,1.246,1.208,0.516,0.464,0.429,0.25,0.692,14.192,7.642,12.742,1.975,1.792,4.85,10.842,69.75,102.917,-1.542
2019-20,2020-09-01,RAP,CEL,RAP,3.835,0.44,1.12,0.393,0.28,0.64,0.438,0.16,0.48,0.333,0.28,0.36,0.778,0.08,0.6,0.68,0.36,0.2,0.04,0.12,0.2,1.32,1.196,1.16,0.516,0.464,0.429,0.25,0.692,14.192,7.642,12.742,1.975,1.792,4.85,10.842,69.75,102.917,-1.542
2019-20,2020-09-09,RAP,CEL,CEL,3.688,0.423,1.077,0.393,0.269,0.615,0.437,0.154,0.462,0.333,0.269,0.346,0.778,0.077,0.577,0.654,0.346,0.192,0.038,0.115,0.192,1.269,1.15,1.115,0.516,0.464,0.429,0.25,0.692,14.192,7.642,12.742,1.975,1.792,4.85,10.842,69.75,102.917,-1.542
2020-21,2020-12-23,RAP,PEL,RAP,3.382,0.388,0.988,0.374,0.247,0.565,0.417,0.141,0.423,0.317,0.247,0.317,0.741,0.07,0.53,0.6,0.317,0.176,0.035,0.106,0.176,1.164,1.054,1.023,0.491,0.442,0.409,0.238,0.659,13.516,7.278,12.135,1.881,1.707,4.619,10.326,66.429,98.016,-1.469
2020-21,2020-12-26,RAP,SPU,SPU,3.228,0.37,0.943,0.357,0.235,0.539,0.398,0.135,0.404,0.303,0.235,0.303,0.707,0.067,0.505,0.573,0.303,0.168,0.034,0.101,0.168,1.111,1.006,0.976,0.469,0.422,0.39,0.227,0.629,12.902,6.947,11.584,1.795,1.629,4.409,9.856,63.409,93.561,-1.402
2020-21,2020-12-29,RAP,76E,76E,3.088,0.354,0.902,0.342,0.225,0.516,0.381,0.129,0.386,0.29,0.225,0.29,0.677,0.064,0.483,0.548,0.29,0.161,0.032,0.097,0.161,1.063,0.963,0.934,0.449,0.403,0.373,0.217,0.602,12.341,6.645,11.08,1.717,1.558,4.217,9.428,60.652,89.493,-1.341
2020-21,2020-12-31,RAP,KNI,RAP,3.052,0.339,0.898,0.328,0.216,0.494,0.365,0.123,0.403,0.278,0.216,0.278,0.648,0.062,0.497,0.558,0.278,0.154,0.031,0.093,0.154,1.018,0.909,0.862,0.43,0.387,0.524,0.208,0.577,17.21,9.202,10.618,1.646,1.493,4.042,11.668,58.125,99.764,-3.968
2020-21,2021-01-02,RAP,PEL,PEL,2.934,0.326,0.863,0.314,0.207,0.474,0.35,0.118,0.389,0.266,0.207,0.266,0.622,0.059,0.478,0.537,0.266,0.148,0.03,0.089,0.148,0.978,0.872,0.826,0.413,0.371,0.543,0.2,0.554,17.814,9.514,10.194,1.58,1.434,3.88,11.834,55.8,99.134,-4.454
2020-21,2021-01-04,RAP,CEL,RAP,2.924,0.313,0.831,0.302,0.199,0.456,0.337,0.114,0.375,0.256,0.199,0.256,0.598,0.057,0.494,0.551,0.256,0.142,0.061,0.085,0.175,0.94,0.858,0.859,0.397,0.357,0.561,0.192,0.532,19.075,9.79,9.802,1.519,4.678,3.731,10.163,53.654,100.744,-2.813
2020-21,2021-01-06,RAP,SUN,SUN,2.82,0.301,0.801,0.291,0.192,0.439,0.324,0.11,0.361,0.247,0.192,0.247,0.576,0.055,0.477,0.531,0.247,0.137,0.06,0.082,0.169,0.905,0.826,0.828,0.382,0.344,0.577,0.185,0.513,19.677,10.055,9.439,1.463,5.035,3.593,10.079,51.667,100.476,-2.97
2020-21,2021-01-08,RAP,KIN,KIN,2.794,0.322,0.804,0.424,0.217,0.455,0.599,0.106,0.349,0.238,0.185,0.238,0.556,0.085,0.461,0.545,0.238,0.132,0.058,0.079,0.164,0.936,0.873,0.767,0.511,0.474,0.449,0.179,6.218,16.871,11.544,9.101,1.411,4.004,3.464,11.03,70.298,103.798,-1.139
2020-21,2021-01-10,RAP,WAR,WAR,2.701,0.312,0.777,0.426,0.21,0.44,0.612,0.102,0.337,0.23,0.179,0.23,0.537,0.082,0.446,0.528,0.23,0.128,0.057,0.077,0.159,0.905,0.844,0.741,0.511,0.475,0.451,0.172,6.694,17.101,11.881,8.788,1.362,4.194,3.345,11.046,70.345,103.874,-1.105
2020-21,2021-01-11,RAP,BLA,BLA,2.614,0.302,0.752,0.429,0.203,0.426,0.625,0.099,0.326,0.222,0.173,0.222,0.519,0.08,0.431,0.511,0.222,0.123,0.055,0.074,0.154,0.875,0.817,0.716,0.511,0.476,0.453,0.167,7.139,17.317,12.195,8.495,1.317,4.372,3.233,11.061,70.389,103.945,-1.072
2020-21,2021-01-14,RAP,HOR,RAP,2.531,0.292,0.728,0.431,0.197,0.412,0.637,0.095,0.316,0.215,0.167,0.215,0.502,0.077,0.418,0.495,0.215,0.119,0.053,0.072,0.149,0.848,0.791,0.693,0.51,0.477,0.454,0.161,7.555,17.519,12.488,8.221,1.274,4.539,3.129,11.075,70.43,104.011,-1.042
2020-21,2021-01-16,RAP,HOR,RAP,2.454,0.283,0.706,0.433,0.191,0.399,0.649,0.092,0.306,0.208,0.162,0.208,0.486,0.075,0.405,0.48,0.208,0.116,0.052,0.069,0.145,0.821,0.767,0.671,0.51,0.478,0.456,0.156,7.945,17.708,12.764,7.964,1.234,4.695,3.031,11.089,70.469,104.073,-1.014
2020-21,2021-01-18,RAP,MAV,RAP,2.439,0.303,0.713,0.501,0.185,0.387,0.659,0.118,0.325,0.399,0.157,0.202,0.472,0.073,0.45,0.522,0.202,0.112,0.05,0.067,0.14,0.881,0.837,0.792,0.641,0.609,0.523,0.152,6.338,25.413,16.371,7.722,1.197,3.903,2.939,12.047,92.992,101.275,4.118
2020-21,2021-01-20,RAP,HEA,RAP,2.369,0.294,0.692,0.506,0.18,0.376,0.669,0.115,0.316,0.402,0.152,0.196,0.458,0.071,0.437,0.508,0.196,0.109,0.049,0.065,0.136,0.856,0.813,0.769,0.647,0.616,0.527,0.147,6.594,25.92,16.766,7.495,1.162,3.998,2.853,12.101,94.044,101.201,4.374
2020-21,2021-01-22,RAP,HEA,RAP,2.366,0.313,0.7,0.546,0.175,0.365,0.679,0.138,0.334,0.476,0.148,0.19,0.445,0.069,0.425,0.494,0.19,0.106,0.048,0.063,0.132,0.913,0.863,0.747,0.723,0.694,0.567,0.143,5.547,22.741,14.584,7.281,1.129,3.475,2.771,12.547,109.714,100.724,6.97
2020-21,2021-01-24,RAP,PAC,PAC,2.302,0.304,0.681,0.552,0.17,0.356,0.688,0.135,0.325,0.481,0.144,0.185,0.432,0.067,0.413,0.481,0.185,0.103,0.047,0.062,0.129,0.888,0.84,0.727,0.731,0.702,0.572,0.139,5.727,23.058,14.841,7.079,1.097,3.538,2.694,12.61,111.194,100.643,7.286
2020-21,2021-01-25,RAP,PAC,PAC,2.349,0.322,0.688,0.58,0.166,0.346,0.696,0.157,0.342,0.525,0.14,0.18,0.421,0.066,0.403,0.468,0.18,0.1,0.046,0.06,0.151,0.941,0.877,0.581,0.784,0.756,0.599,0.135,4.976,20.743,13.259,6.888,1.068,3.159,2.622,12.293,123.085,103.568,6.954
2020-21,2021-01-27,RAP,BUC,RAP,2.414,0.314,0.695,0.523,0.161,0.362,0.467,0.153,0.334,0.531,0.136,0.175,0.409,0.064,0.393,0.456,0.175,0.097,0.045,0.084,0.222,0.917,0.782,0.64,0.706,0.679,0.542,0.132,4.431,19.021,12.088,6.706,1.039,2.879,5.936,12.554,112.162,104.851,3.587
2020-21,2021-01-29,RAP,KIN,RAP,2.358,0.306,0.678,0.526,0.157,0.353,0.468,0.149,0.325,0.536,0.133,0.171,0.399,0.062,0.383,0.445,0.171,0.095,0.043,0.081,0.217,0.895,0.763,0.551,0.711,0.685,0.545,0.128,4.015,17.673,11.178,6.534,1.013,2.661,5.532,11.723,103.67,106.672,2.656
2020-21,2021-01-31,RAP,MAG,RAP,2.501,0.346,0.733,0.53,0.154,0.344,0.469,0.193,0.388,0.524,0.13,0.166,0.389,0.061,0.397,0.458,0.19,0.092,0.042,0.08,0.212,1.016,0.88,0.204,0.73,0.704,0.604,0.125,3.685,17.28,10.793,7.438,0.988,2.485,5.203,11.899,107.153,106.848,3.351
2020-21,2021-02-02,RAP,MAG,MAG,2.503,0.361,0.762,0.517,0.149,0.336,0.47,0.212,0.426,0.504,0.126,0.162,0.38,0.059,0.434,0.494,0.185,0.09,0.041,0.077,0.207,1.062,0.92,0.128,0.717,0.692,0.628,0.122,3.416,20.68,12.343,7.199,0.963,2.339,4.927,13.049,107.012,106.442,3.781
2020-21,2021-02-05,RAP,NET,NET,2.445,0.353,0.744,0.52,0.146,0.328,0.47,0.207,0.416,0.508,0.123,0.159,0.37,0.058,0.424,0.482,0.181,0.088,0.04,0.075,0.202,1.038,0.899,0.124,0.722,0.697,0.633,0.119,3.478,20.828,12.45,7.073,0.94,2.351,4.929,13.099,107.857,106.522,3.901
2020-21,2021-02-06,RAP,HAW,HAW,2.389,0.345,0.727,0.523,0.143,0.32,0.471,0.203,0.407,0.512,0.12,0.155,0.362,0.057,0.415,0.471,0.177,0.086,0.04,0.074,0.197,1.014,0.878,0.121,0.726,0.702,0.637,0.116,3.537,20.968,12.551,6.953,0.919,2.363,4.93,13.146,108.663,106.599,4.017
2020-21,2021-02-08,RAP,GRI,GRI,2.416,0.338,0.711,0.526,0.14,0.313,0.472,0.198,0.398,0.515,0.118,0.151,0.354,0.055,0.405,0.461,0.173,0.084,0.039,0.072,0.215,0.992,0.85,-0.166,0.73,0.707,0.641,0.114,3.295,19.77,11.814,6.744,0.898,2.233,4.684,12.441,102.365,107.871,3.077
2020-21,2021-02-10,RAP,WIZ,WIZ,2.416,0.33,0.718,0.499,0.136,0.327,0.38,0.194,0.39,0.519,0.115,0.148,0.346,0.054,0.397,0.451,0.169,0.082,0.059,0.07,0.211,0.97,0.832,-0.099,0.692,0.669,0.607,0.111,3.09,18.743,11.184,6.552,0.878,3.866,4.471,12.62,96.972,107.269,2.546
2020-21,2021-02-11,RAP,CEL,CEL,2.425,0.365,0.744,0.534,0.134,0.321,0.379,0.232,0.423,0.556,0.113,0.145,0.338,0.053,0.409,0.462,0.187,0.08,0.058,0.069,0.227,1.076,0.94,-0.098,0.749,0.727,0.631,0.109,2.914,19.531,11.531,10.722,0.859,3.662,4.283,13.427,104.152,107.573,5.551
2020-21,2021-02-14,RAP,TIM,RAP,2.375,0.358,0.729,0.537,0.131,0.314,0.378,0.227,0.415,0.559,0.11,0.142,0.331,0.052,0.401,0.452,0.182,0.079,0.057,0.068,0.222,1.054,0.92,-0.097,0.753,0.731,0.634,0.106,2.95,19.618,11.595,10.689,0.84,3.692,4.273,13.469,104.715,107.649,5.668
2020-21,2021-02-16,RAP,BUC,BUC,2.327,0.35,0.714,0.539,0.128,0.307,0.377,0.223,0.406,0.563,0.108,0.139,0.324,0.051,0.393,0.443,0.179,0.077,0.056,0.066,0.218,1.032,0.902,-0.096,0.757,0.735,0.637,0.104,2.985,19.702,11.656,10.658,0.823,3.722,4.264,13.51,105.255,107.722,5.779
2020-21,2021-02-18,RAP,BUC,BUC,2.3,0.344,0.719,0.516,0.125,0.301,0.376,0.218,0.418,0.531,0.106,0.136,0.318,0.05,0.385,0.435,0.176,0.076,0.055,0.065,0.213,1.012,0.87,-0.114,0.724,0.703,0.649,0.102,2.823,18.783,11.101,10.24,0.806,3.534,4.093,14.952,100.251,107.827,3.235
2020-21,2021-02-19,RAP,TIM,TIM,2.255,0.337,0.705,0.517,0.123,0.295,0.375,0.214,0.41,0.533,0.104,0.133,0.311,0.049,0.377,0.426,0.172,0.074,0.054,0.064,0.21,0.992,0.853,-0.112,0.727,0.706,0.652,0.1,2.853,18.847,11.148,10.205,0.79,3.558,4.083,15.008,100.672,107.895,3.301
2020-21,2021-02-21,RAP,76E,RAP,2.212,0.33,0.692,0.519,0.12,0.29,0.374,0.21,0.402,0.536,0.102,0.131,0.305,0.048,0.37,0.418,0.168,0.073,0.052,0.062,0.206,0.973,0.837,-0.111,0.729,0.709,0.655,0.098,2.881,18.908,11.194,10.172,0.775,3.581,4.073,15.063,101.076,107.96,3.364
2020-21,2021-02-23,RAP,76E,RAP,2.17,0.325,0.679,0.52,0.118,0.284,0.373,0.206,0.395,0.539,0.1,0.128,0.299,0.047,0.363,0.41,0.166,0.071,0.052,0.061,0.202,0.955,0.821,-0.109,0.732,0.712,0.657,0.096,2.908,18.966,11.238,10.14,0.76,3.604,4.063,15.115,101.464,108.023,3.425
2020-21,2021-02-24,RAP,HEA,HEA,2.13,0.319,0.666,0.522,0.116,0.279,0.373,0.202,0.387,0.541,0.098,0.126,0.294,0.046,0.356,0.403,0.162,0.07,0.051,0.06,0.198,0.937,0.806,-0.108,0.735,0.715,0.66,0.094,2.934,19.022,11.281,10.109,0.745,3.625,4.054,15.166,101.838,108.083,3.483
2020-21,2021-02-26,RAP,ROC,RAP,2.091,0.313,0.654,0.523,0.114,0.274,0.372,0.199,0.38,0.543,0.096,0.123,0.288,0.046,0.35,0.395,0.159,0.069,0.05,0.059,0.194,0.92,0.792,-0.106,0.737,0.718,0.663,0.093,2.959,19.077,11.322,10.08,0.731,3.646,4.045,15.214,102.199,108.141,3.54
2020-21,2021-03-03,RAP,PIS,RAP,2.387,0.307,0.695,0.461,0.112,0.268,0.371,0.195,0.427,0.46,0.094,0.121,0.283,0.063,0.397,0.459,0.157,0.067,0.049,0.058,0.191,0.904,0.768,-0.175,0.647,0.628,0.686,0.091,3.047,19.029,11.311,9.691,0.718,3.464,3.885,14.816,98.63,109.291,2.715
2020-21,2021-03-04,RAP,CEL,CEL,2.56,0.319,0.718,0.462,0.11,0.264,0.37,0.209,0.454,0.459,0.092,0.119,0.278,0.061,0.407,0.468,0.154,0.066,0.048,0.057,0.222,0.94,0.781,-0.155,0.65,0.632,0.7,0.089,2.895,18.742,11.042,9.34,0.705,3.304,3.741,14.451,99.723,110.323,2.258
2020-21,2021-03-11,RAP,HAW,RAP,2.864,0.33,0.808,0.412,0.108,0.294,0.284,0.223,0.515,0.426,0.091,0.117,0.273,0.06,0.485,0.546,0.168,0.082,0.047,0.056,0.236,0.975,0.802,0.12,0.58,0.562,0.675,0.088,2.759,18.89,11.017,9.248,0.777,3.16,3.611,14.308,98.092,110.302,1.903
2020-21,2021-03-13,RAP,HOR,HOR,3.277,0.409,0.962,0.426,0.157,0.356,0.442,0.253,0.606,0.406,0.089,0.115,0.268,0.059,0.494,0.553,0.199,0.114,0.046,0.072,0.282,1.16,0.931,0.236,0.578,0.56,0.639,0.086,2.637,18.306,10.647,9.399,0.882,3.031,3.823,14.334,98.232,110.142,1.776
2020-21,2021-03-14,RAP,BUL,BUL,3.676,0.419,1.013,0.414,0.17,0.366,0.479,0.248,0.646,0.377,0.104,0.146,0.594,0.075,0.502,0.577,0.229,0.129,0.046,0.12,0.36,1.191,0.892,0.248,0.555,0.537,0.641,0.101,2.642,17.767,10.373,9.483,0.92,2.914,5.026,14.234,96.46,110.452,1.193
2020-21,2021-03-17,RAP,PIS,PIS,3.965,0.428,1.045,0.41,0.168,0.376,0.449,0.261,0.668,0.382,0.102,0.144,0.593,0.073,0.559,0.633,0.225,0.143,0.045,0.118,0.387,1.221,0.922,0.261,0.552,0.535,0.639,0.099,2.537,18.047,10.357,9.194,0.975,2.807,4.857,13.934,96.217,110.606,0.939
2020-21,2021-03-19,RAP,JAZ,RAP,4.135,0.422,1.028,0.41,0.165,0.371,0.449,0.257,0.658,0.382,0.117,0.173,0.591,0.072,0.566,0.639,0.237,0.141,0.044,0.133,0.444,1.217,0.891,0.08,0.552,0.535,0.641,0.114,2.442,17.725,10.139,9.19,0.951,2.709,6.404,13.662,95.587,111.166,0.483
2020-21,2021-03-21,RAP,CAV,CAV,4.155,0.431,1.028,0.419,0.162,0.365,0.45,0.269,0.663,0.395,0.115,0.17,0.59,0.071,0.557,0.629,0.249,0.138,0.044,0.131,0.438,1.245,0.931,-0.063,0.566,0.55,0.646,0.111,2.354,17.154,9.809,9.899,0.93,2.62,6.195,13.452,101.234,111.349,0.975
2020-21,2021-03-22,RAP,ROC,ROC,4.435,0.455,1.074,0.424,0.16,0.359,0.45,0.295,0.715,0.401,0.113,0.168,0.588,0.07,0.58,0.65,0.246,0.137,0.042,0.128,0.493,1.319,0.962,-0.187,0.575,0.56,0.662,0.108,2.273,16.904,9.646,9.624,0.909,2.537,6.003,13.273,102.267,111.669,0.79
2020-21,2021-03-24,RAP,NUG,RAP,4.687,0.509,1.164,0.436,0.157,0.353,0.45,0.352,0.811,0.417,0.111,0.165,0.587,0.069,0.663,0.732,0.272,0.134,0.042,0.126,0.532,1.482,1.111,0.137,0.597,0.582,0.684,0.103,2.198,17.148,9.79,9.734,0.889,2.46,5.824,13.305,104.01,111.625,0.999
2020-21,2021-04-08,RAP,BUL,RAP,4.616,0.501,1.147,0.436,0.155,0.348,0.45,0.347,0.799,0.417,0.109,0.163,0.586,0.068,0.653,0.721,0.268,0.132,0.041,0.124,0.524,1.459,1.095,0.135,0.598,0.583,0.686,0.102,2.209,17.169,9.805,9.713,0.882,2.464,5.831,13.323,104.25,111.686,1.017
2020-21,2021-04-14,RAP,SPU,RAP,4.765,0.539,1.189,0.45,0.168,0.357,0.481,0.371,0.832,0.427,0.123,0.19,0.584,0.067,0.672,0.739,0.264,0.13,0.041,0.137,0.516,1.571,1.176,0.177,0.614,0.601,0.685,0.111,2.139,17.019,9.712,9.459,0.863,2.391,6.137,13.422,104.996,111.868,1.086
2020-21,2021-04-16,RAP,MAG,RAP,5.07,0.677,1.362,0.488,0.194,0.382,0.531,0.483,0.98,0.462,0.15,0.217,0.671,0.066,0.722,0.787,0.275,0.143,0.055,0.15,0.552,1.987,1.543,0.13,0.67,0.655,0.693,0.123,2.074,17.049,9.701,9.448,0.9,2.418,6.145,13.769,106.834,111.69,1.76
2020-21,2021-04-18,RAP,THU,RAP,5.318,0.667,1.486,0.442,0.191,0.433,0.442,0.476,1.052,0.429,0.148,0.213,0.67,0.08,0.754,0.833,0.343,0.141,0.054,0.163,0.573,1.958,1.468,0.273,0.61,0.592,0.677,0.117,2.12,17.013,9.681,9.981,0.882,2.352,6.216,13.915,104.881,111.655,1.175
2021-22,2021-10-24,THU,76E,THU,5.766,0.739,1.593,0.441,0.155,0.35,0.423,0.583,1.244,0.447,0.097,0.155,0.595,0.078,0.797,0.874,0.33,0.116,0.058,0.175,0.7,2.157,1.541,-0.058,0.618,0.615,0.743,0.058,2.586,17.323,10.029,8.41,0.406,2.462,6.462,14.472,113.828,109.806,2.197
2021-22,2021-10-27,THU,LAK,THU,5.504,0.705,1.521,0.421,0.148,0.334,0.404,0.556,1.187,0.426,0.093,0.148,0.568,0.075,0.761,0.835,0.315,0.111,0.055,0.167,0.668,2.059,1.471,-0.055,0.59,0.587,0.709,0.055,2.468,16.535,9.573,8.027,0.387,2.35,6.168,13.815,108.654,104.815,2.097
2021-22,2021-11-24,THU,JAZ,THU,5.264,0.675,1.455,0.403,0.142,0.319,0.386,0.532,1.136,0.408,0.089,0.142,0.543,0.071,0.728,0.798,0.302,0.106,0.053,0.16,0.639,1.97,1.407,-0.053,0.564,0.562,0.678,0.053,2.361,15.817,9.157,7.678,0.37,2.248,5.9,13.214,103.93,100.257,2.006
2021-22,2021-11-29,THU,ROC,ROC,5.716,0.647,1.528,0.386,0.136,0.306,0.37,0.51,1.222,0.391,0.085,0.136,0.521,0.102,0.864,0.965,0.289,0.102,0.118,0.187,0.646,1.888,1.328,0.149,0.541,0.538,0.817,0.051,2.979,19.124,11.042,7.358,0.355,3.738,8.987,14.463,101.932,112.413,-0.128
2021-22,2021-12-01,THU,ROC,THU,6.136,0.654,1.538,0.404,0.13,0.294,0.355,0.523,1.245,0.409,0.082,0.13,0.5,0.099,0.903,1.001,0.311,0.098,0.115,0.181,0.621,1.912,1.384,0.051,0.569,0.567,0.824,0.049,2.602,18.491,10.474,7.754,0.341,3.018,7.428,13.697,113.415,114.437,0.376
2021-22,2021-12-02,THU,GRI,GRI,6.994,0.663,1.748,0.389,0.125,0.348,0.342,0.537,1.4,0.399,0.111,0.191,0.596,0.129,0.941,1.069,0.366,0.094,0.146,0.208,0.697,1.973,1.321,-1.267,0.553,0.546,0.798,0.063,2.665,17.738,10.115,8.3,0.328,2.912,7.535,13.958,110.015,118.074,-0.425
2021-22,2021-12-06,THU,PIS,PIS,6.781,0.64,1.693,0.38,0.121,0.337,0.329,0.518,1.356,0.391,0.108,0.186,0.593,0.126,0.912,1.036,0.354,0.09,0.142,0.201,0.674,1.905,1.273,-1.244,0.542,0.534,0.8,0.064,2.659,17.682,10.064,8.234,0.316,2.952,7.627,13.806,108.841,118.417,-0.763
2021-22,2021-12-08,THU,RAP,RAP,6.664,0.618,1.671,0.369,0.116,0.326,0.317,0.501,1.345,0.379,0.105,0.18,0.589,0.122,0.915,1.037,0.343,0.087,0.139,0.227,0.652,1.84,1.184,-1.377,0.526,0.519,0.805,0.063,2.475,19.099,10.8,7.707,0.304,2.704,10.568,15.247,102.156,117.64,-3.166
2021-22,2021-12-10,THU,LAK,THU,6.606,0.597,1.619,0.361,0.112,0.315,0.306,0.484,1.304,0.371,0.101,0.174,0.586,0.119,0.888,1.006,0.332,0.115,0.135,0.22,0.662,1.779,1.162,-1.346,0.516,0.508,0.807,0.063,2.338,17.851,10.111,7.306,0.964,2.528,9.651,14.297,97.013,116.632,-2.704
2021-22,2021-12-12,THU,MAV,THU,6.41,0.578,1.57,0.353,0.109,0.305,0.296,0.469,1.265,0.364,0.098,0.169,0.583,0.115,0.861,0.976,0.322,0.112,0.132,0.214,0.642,1.722,1.124,-1.313,0.506,0.497,0.809,0.063,2.31,17.826,10.08,7.193,1.004,2.523,9.863,14.231,95.346,116.731,-3.075
2021-22,2021-12-15,THU,PEL,THU,6.222,0.56,1.523,0.346,0.105,0.296,0.286,0.454,1.227,0.357,0.095,0.164,0.581,0.112,0.836,0.947,0.313,0.108,0.128,0.207,0.622,1.668,1.088,-1.281,0.497,0.488,0.811,0.063,2.284,17.803,10.051,7.088,1.041,2.519,10.062,14.168,93.786,116.823,-3.423
2021-22,2021-12-22,THU,NUG,THU,6.044,0.543,1.478,0.339,0.102,0.287,0.278,0.44,1.191,0.351,0.093,0.16,0.578,0.109,0.811,0.92,0.304,0.105,0.125,0.202,0.604,1.617,1.054,-1.25,0.488,0.479,0.813,0.063,2.259,17.781,10.024,6.989,1.076,2.516,10.248,14.11,92.324,116.91,-3.748
2021-22,2021-12-23,THU,SUN,SUN,5.874,0.527,1.436,0.333,0.099,0.279,0.269,0.427,1.157,0.345,0.09,0.155,0.576,0.106,0.789,0.894,0.295,0.102,0.121,0.196,0.586,1.57,1.023,-1.219,0.48,0.47,0.814,0.063,2.236,17.76,9.998,6.896,1.109,2.512,10.423,14.055,90.951,116.992,-4.054
2021-22,2021-12-26,THU,PEL,THU,5.712,0.511,1.396,0.327,0.096,0.271,0.261,0.415,1.125,0.339,0.088,0.151,0.574,0.103,0.767,0.869,0.286,0.099,0.118,0.191,0.569,1.525,0.993,-1.189,0.472,0.462,0.816,0.063,2.215,17.741,9.974,6.808,1.14,2.509,10.588,14.004,89.658,117.068,-4.342
2021-22,2021-12-28,THU,KIN,KIN,6.154,0.551,1.492,0.35,0.12,0.29,0.396,0.43,1.201,0.343,0.085,0.147,0.571,0.1,0.853,0.953,0.332,0.15,0.115,0.186,0.634,1.616,1.117,-1.294,0.494,0.487,0.81,0.056,2.087,17.787,9.903,7.446,1.315,2.334,9.599,13.748,93.082,116.241,-3.532
2021-22,2021-12-29,THU,SUN,SUN,6.957,0.666,1.688,0.395,0.221,0.387,0.564,0.444,1.301,0.341,0.083,0.143,0.569,0.098,0.988,1.085,0.376,0.146,0.112,0.207,0.643,1.86,1.31,-1.655,0.532,0.527,0.771,0.049,1.984,17.692,9.793,7.566,1.189,2.198,9.49,13.668,95.796,116.498,-3.157
2021-22,2021-12-31,THU,KNI,THU,7.145,0.675,1.721,0.394,0.241,0.428,0.546,0.433,1.293,0.333,0.081,0.139,0.568,0.121,1.014,1.134,0.366,0.143,0.11,0.201,0.653,1.863,1.306,-1.743,0.525,0.521,0.752,0.047,2.283,17.516,9.856,7.18,1.092,2.086,8.842,13.526,96.135,114.988,-3.233
2021-22,2022-01-02,THU,MAV,THU,6.969,0.658,1.678,0.391,0.235,0.418,0.55,0.422,1.261,0.329,0.079,0.136,0.566,0.118,0.989,1.107,0.357,0.139,0.107,0.197,0.636,1.815,1.273,-1.702,0.522,0.518,0.751,0.047,2.27,17.496,9.835,7.129,1.112,2.071,8.906,13.475,95.411,114.978,-3.404
2021-22,2022-01-05,THU,TIM,TIM,6.8,0.642,1.637,0.389,0.23,0.407,0.553,0.411,1.23,0.325,0.077,0.132,0.564,0.115,0.965,1.08,0.348,0.136,0.104,0.192,0.621,1.771,1.241,-1.663,0.518,0.514,0.75,0.046,2.257,17.476,9.815,7.08,1.132,2.056,8.966,13.426,94.724,114.969,-3.567
2021-22,2022-01-07,THU,TIM,THU,6.746,0.674,1.67,0.403,0.224,0.398,0.556,0.449,1.272,0.35,0.075,0.129,0.562,0.112,0.99,1.102,0.364,0.132,0.102,0.187,0.605,1.871,1.354,-1.364,0.54,0.538,0.762,0.045,2.146,19.511,10.62,10.86,1.046,1.959,8.398,14.254,100.149,115.759,-1.08
2021-22,2022-01-09,THU,NUG,THU,6.59,0.658,1.631,0.402,0.219,0.389,0.558,0.438,1.242,0.347,0.073,0.126,0.561,0.11,0.967,1.076,0.356,0.129,0.099,0.183,0.592,1.827,1.322,-1.333,0.538,0.535,0.761,0.045,2.133,19.543,10.623,10.909,1.062,1.944,8.437,14.231,99.676,115.77,-1.163
2021-22,2022-01-11,THU,WIZ,WIZ,6.44,0.643,1.594,0.4,0.214,0.38,0.561,0.428,1.214,0.344,0.071,0.123,0.56,0.107,0.945,1.052,0.348,0.126,0.097,0.179,0.578,1.785,1.292,-1.305,0.535,0.532,0.761,0.044,2.119,19.574,10.625,10.956,1.076,1.929,8.475,14.209,99.226,115.781,-1.241
2021-22,2022-01-13,THU,NET,NET,6.297,0.628,1.558,0.399,0.21,0.371,0.563,0.418,1.187,0.342,0.07,0.12,0.558,0.105,0.924,1.029,0.34,0.124,0.095,0.175,0.565,1.745,1.263,-1.276,0.533,0.53,0.76,0.044,2.107,19.603,10.627,11.001,1.09,1.915,8.511,14.188,98.797,115.791,-1.316
2021-22,2022-01-15,THU,CAV,THU,6.16,0.615,1.524,0.398,0.205,0.363,0.566,0.409,1.161,0.339,0.068,0.118,0.557,0.103,0.904,1.006,0.332,0.121,0.093,0.171,0.552,1.706,1.235,-1.25,0.531,0.528,0.76,0.044,2.095,19.631,10.629,11.044,1.103,1.902,8.545,14.168,98.388,115.801,-1.388
2021-22,2022-01-31,THU,BLA,THU,6.028,0.602,1.491,0.396,0.201,0.355,0.568,0.4,1.136,0.337,0.066,0.115,0.556,0.1,0.885,0.985,0.325,0.118,0.091,0.167,0.541,1.669,1.209,-1.224,0.528,0.525,0.759,0.043,2.083,19.658,10.631,11.085,1.115,1.889,8.577,14.149,97.996,115.81,-1.456
2021-22,2022-02-02,THU,MAV,MAV,5.902,0.588,1.46,0.395,0.196,0.348,0.57,0.392,1.112,0.334,0.065,0.113,0.554,0.098,0.866,0.964,0.318,0.116,0.089,0.164,0.529,1.634,1.183,-1.199,0.526,0.523,0.759,0.043,2.072,19.683,10.632,11.124,1.127,1.877,8.608,14.131,97.622,115.819,-1.522
2021-22,2022-02-04,THU,BLA,BLA,5.781,0.577,1.43,0.394,0.192,0.341,0.572,0.383,1.089,0.332,0.064,0.11,0.553,0.096,0.848,0.944,0.312,0.113,0.087,0.16,0.518,1.6,1.158,-1.175,0.524,0.521,0.759,0.043,2.062,19.708,10.634,11.162,1.139,1.866,8.638,14.113,97.264,115.828,-1.584
2021-22,2022-02-05,THU,KIN,KIN,5.664,0.565,1.401,0.393,0.189,0.334,0.574,0.376,1.067,0.33,0.062,0.108,0.552,0.094,0.832,0.926,0.306,0.111,0.086,0.157,0.507,1.567,1.135,-1.152,0.522,0.519,0.758,0.042,2.052,19.731,10.636,11.198,1.15,1.855,8.667,14.096,96.92,115.836,-1.644
2021-22,2022-02-07,THU,WAR,THU,5.552,0.553,1.374,0.392,0.185,0.327,0.576,0.368,1.046,0.328,0.061,0.106,0.551,0.093,0.815,0.907,0.3,0.109,0.084,0.154,0.497,1.536,1.112,-1.13,0.521,0.518,0.758,0.042,2.042,19.754,10.637,11.232,1.16,1.844,8.694,14.08,96.591,115.844,-1.702
2021-22,2022-02-09,THU,RAP,THU,5.444,0.543,1.347,0.391,0.182,0.321,0.578,0.361,1.026,0.326,0.06,0.104,0.55,0.091,0.799,0.89,0.294,0.107,0.083,0.151,0.488,1.506,1.091,-1.108,0.519,0.516,0.758,0.042,2.033,19.775,10.639,11.265,1.171,1.834,8.721,14.065,96.274,115.852,-1.757
